{"dataset": "train", "precision": 0.9989417989417989, "balanced_accuracy": 0.9991059439575205, "recall": 0.9985191453353078, "f1_score": 0.9987304274227676}
{"dataset": "test", "precision": 0.6445414847161572, "balanced_accuracy": 0.6645965687845039, "recall": 0.3865898376113148, "f1_score": 0.48330058939096265}
{"type": "cm_matrix", "dataset": "train", "true_0": {"predicted_0": 16268, "predicted_1": 5}, "true_1": {"predicted_0": 7, "predicted_1": 4720}}
{"type": "cm_matrix", "dataset": "test", "true_0": {"predicted_0": 6684, "predicted_1": 407}, "true_1": {"predicted_0": 1171, "predicted_1": 738}}
