{"type": "metrics", "dataset": "train", "precision": 0.969547831436481, "balanced_accuracy": 0.8306366845988304, "recall": 0.6673724327757781, "f1_score": 0.7905693503887635}
{"type": "metrics", "dataset": "test", "precision": 0.6570212765957447, "balanced_accuracy": 0.6739637681336459, "recall": 0.40482433141059254, "f1_score": 0.5009733939000649}
{"type": "cm_matrix", "dataset": "train", "true_0": {"predicted_0": 16133, "predicted_1": 99}, "true_1": {"predicted_0": 1571, "predicted_1": 3152}}
{"type": "cm_matrix", "dataset": "test", "true_0": {"predicted_0": 6680, "predicted_1": 403}, "true_1": {"predicted_0": 1135, "predicted_1": 772}}
