{"type": "metrics", "dataset": "train", "precision": 0.9551772063933287, "balanced_accuracy": 0.7868677098497607, "recall": 0.5816758358019467, "f1_score": 0.7230405049973698}
{"type": "metrics", "dataset": "test", "precision": 0.6597402597402597, "balanced_accuracy": 0.6720477644612561, "recall": 0.39958049292081804, "f1_score": 0.4977139124755062}
{"type": "cm_matrix", "dataset": "train", "true_0": {"predicted_0": 16117, "predicted_1": 129}, "true_1": {"predicted_0": 1977, "predicted_1": 2749}}
{"type": "cm_matrix", "dataset": "test", "true_0": {"predicted_0": 6690, "predicted_1": 393}, "true_1": {"predicted_0": 1145, "predicted_1": 762}}
